source,name,price
Flowwow,Букет из 5 эустом в крафте [×15],10917
Flowwow,Букет французских роз 7шт [×15],7787
Flowwow,Пионовидная Роза 9 [×15],6658
Flowwow,Пионы 5 штук Ароматные цветы [×15],8970
Flowwow,15 белые розы мини букет,2994
Flowwow,Букет 11 пионовидных кустовых роз [×15],6788
Flowwow,Букет из Пионов 15шт,5580
Flowwow,51 красная роза 60 см [×15],1764
Flowwow,Пионы 11 штук [×15],6205
Flowwow,Ароматный букет сирени / Сирень Букет 299 Buket in [×15],203
Flowwow,Подсолнухи 9 шт [×15],9967
Flowwow,Самый сезон Пионы Корал Сенсет с эвкалиптом 7 шт [×15],11687
Flowwow,Букет 25 красных роз 40см в крафте [×15],1560
Flowwow,Хит🔥пышный букет из 9  кустовых пионовидных роз [×15],8998
Flowwow,Пионы 11 штук [×15],6207
Flowwow,Букет из 15 Альстромерий микс,2970
Flowwow,Букет из Пионов Сара Бернар 15 штук,5550
Flowwow,АКЦИЯ «Нежные альстромерии» 11 шт [×15],4893
Flowwow,Сирень в эко упаковке 5 шт [×15],5973
Flowwow,‼️АКЦИЯ ‼️БУКЕТ 25 розовых роз ( ширина букета 20  [×15],1677
Flowwow,Букет 11 красных французских роз [×15],6769
Flowwow,Коралловые Пионы 5 шт [×15],12750
Flowwow,15 красных ароматных роз,2975
Flowwow,25 красных роз [×15],2394
Flowwow,Белые розы 25шт [×15],2124
Flowwow,Красные Розы Россия 21 шт [×15],2781
Flowwow,Суперскидка! Белые пионы - 9 (0006) peony [×15],15833
Flowwow,Букет роз. Кустовые розы Сильва Пинк 5 шт и Эвкали [×15],8379
Flowwow,7 ярких альстромерий микс [×15],5610
Flowwow,Радужные диантусы 17 [×15],3962
Flowwow,Букет из 9 роз с зеленью в крафтовой упаковке [×15],6605
Flowwow,15 Персиковых Роз premium 60 см,2275
Flowwow,Букет из Пионов и Эвкалипта 19шт [×15],4736
Flowwow,Сирень 15 веток,6284
Flowwow,Букет из 5 кустовых роз Фаерворкс в розовой упаков [×15],6312
Flowwow,Сирень в эко упаковке 7 шт [×15],5194
Flowwow,Пиономания пионы 11 шт [×15],8045
Flowwow,Сирень 7 шт [×15],12814
Flowwow,Букет из 21 мини герберы в дизайнерской упаковке [×15],2750
Flowwow,Белоснежные чары из 15 гербер,5490
Flowwow,Букет из 9 разноцветных гербер в дизайнерской упак [×15],5150
Flowwow,Букет 11 Гербер Голландия [×15],5825
Flowwow,9 Гербер [×15],5488
Flowwow,Букет 🌻 из 7 Гербер с Фисташкой 💥 [×15],6600
Flowwow,Букет из 15 гербер,3790
Flowwow,Букет из 9 белых гербер [×15],6665
Flowwow,Бенто 2. Букет из гербер [×15],18375
Flowwow,Букет из 9 гербер [×15],7783
Flowwow,Букет из 7 гербер с рускусом [×15],7487
Flowwow,11 кремовых гербер [×15],5114
Flowwow,Букет из 15 гербер,4559
Flowwow,"Нежный букет,Гербера 7 шт [×15]",7393
Flowwow,Герберы разноцветные с зеленью 7 шт [×15],7650
Flowwow,Букет из гербер 7 шт бабушке маме [×15],6270
Flowwow,Букет 5 гербер [×15],5640
Flowwow,Гербера с эвкалиптом 7 шт маме [×15],7618
Flowwow,Букет из 5 Гербер [×15],6459
Flowwow,Букет из 9 гербер [×15],4195
Flowwow,9 Гербер [×15],3832
Flowwow,9 Гербер [×15],5077
Flowwow,"Букет из 5 гербер микс, гиперикум [×15]",12630
Flowwow,Букет гербер с зеленью (9) [×15],5998
Flowwow,Букет из 5 гербер Яркое впечатление [×15],5679
Flowwow,Монобукет из 15 штук розовых гербер,4999
Flowwow,Букет из 9 гербер с фисташкой [×15],6853
Flowwow,букет из 9 гербер [×15],7513
Flowwow,Монобукет из 5 гербер [×15],4950
Flowwow,5 розовых Гербер с эвкалиптом [×15],5970
Flowwow,"Букет цветов из 11 гербер микс ""Раскраска"" [×15]",5441
Flowwow,Белые кустовые хризантемы 9 шт [×15],4035
Flowwow,Букет из хризантемы сорта Ньютон 9 шт с эвкалиптом [×15],8925
Flowwow,«Облачко» 🤍 Букет из 5 кустовых хризантем премиум [×15],7410
Flowwow,Букет из 5 лавандовых хризантем [×15],8379
Flowwow,Букет из 3 розовых хризантем в белой упаковке [×15],7710
Flowwow,Букет Розовые ромашки из 5 шт розовых хризантема - [×15],11100
Flowwow,Желтые Кустовые Хризантемы 9 шт [×15],4932
Flowwow,Букет из 9 кустовых розовых хризантем [×15],7988
Flowwow,Букет из 5 кустовых хризантем [×15],7500
Flowwow,Букет из 7 лавандовых хризантем сантини [×15],7371
Flowwow,Белые Кустовые Хризантемы 5 шт [×15],5499
Flowwow,Стойкий букет из 15 шт сиреневых хризантем Сантини 🔮,3990
Flowwow,Букет из 5 кустовых хризантем «Розовый зефир» [×15],9600
Flowwow,Букет пышных хризантем - «Белый лебедь» Арт. Ф532 [×15],98
Flowwow,7 белых кустовых хризантем Алтай. Букет Scandi Flo [×15],8835
Flowwow,Кустовые хризантемы 5 шт в крафте «Милой» [×15],8850
Flowwow,Букет с хризантемой  магнум 5 шт и эвкалиптом [×15],11970
Flowwow,Букет из 5 белоснежных хризантем [×15],10032
Flowwow,Букет-комплимент из кустовых хризантем Алтай с эвк [×15],113
Flowwow,Монобукет из кустовой хризантемы 9 шт дофаминовая  [×15],8000
Flowwow,Белоснежка - кустовая хризантема 5 штук [×15],6600
Flowwow,Хризантема кустовая розовая 9 шт. Букет F050 Цветы [×15],4035
Flowwow,Букет из 7 нежно-розовых хризантем в упаковке [×15],7427
Flowwow,Букет из 5 розовых хризантема [×15],8367
Flowwow,Букет из 5 шт кустовых хризантем «Нежности привет» [×15],8850
Flowwow,Букет из белой кустовой хризантемы 7 шт. N4 [×15],8486
Flowwow,Нежный букет: белая кустовая хризантема 7 шт. N5 [×15],8486
Flowwow,Букет из 3-х кустовых хризантем «Алтай» [×15],17450
Dostavka,"Букет из 35 розовых роз ""Самой Любимой"" [×15]",1929
Dostavka,"Букет из 9 красных роз ""Классика Жанра"" [×15]",3583
Dostavka,"Букет из 9 роз ""Аромат Джамили"" [×15]",3583
Dostavka,"Букет из 5 голубых гортензий ""Лунный Вечер"" [×15]",8700
Dostavka,"11 красных роз ""Незнакомка"" [×15]",3136
Dostavka,"Двухцветный букет из 25 роз ""Конфети"" [×15]",2310
Dostavka,"11 красных роз ""Алые Паруса"" [×15]",2932
Dostavka,"Букет из 25 розовых роз ""Клавдия"" [×15]",2100
Dostavka,"Букет из 25 красных роз ""Афродита"" [×15]",2100
Dostavka,"101 роза 40 см ""Кармелия"" [×15]",861
Dostavka,"19 розовых роз ""Мисс Пигги"" [×15]",2605
Dostavka,"Букет из 5 белых гортензий ""Лёд"" [×15]",8400
Dostavka,#8 Букет из розовой махровой эустомы [×15],9188
Dostavka,"Микс из 51 кенийской розы ""Карамелька"" [×15]",1147
Dostavka,"41 кенийская роза ""Яркая Любовь"" [×15]",1262
Dostavka,"15 подсолнухов ""Дари Тепло""",4950
Dostavka,"Букет из 7 голубых гортензий ""Сон На Море"" [×15]",7286
Dostavka,"Букет из 5 розовых гортензий ""Костёр Чувств"" [×15]",8700
Dostavka,"Букет из 21 розы ""Джамиля"" [×15]",2393
Dostavka,"35 ирисов ""Дымка"" [×15]",1479
Uflor,Букет из 7 ветвей сирени в крафтовой упаковке [×15],6214
Uflor,Монобукет из 19 персиковых роз в упаковке [×15],4974
Uflor,Букет из 25 роз сорта Ред Наоми в упаковке [×15],3180
Uflor,Монобукет из 25 роз сорта Аваланж в уматовой пленк [×15],2820
Uflor,Монокомпозиция из 9 желтых кустовых роз сорта Ольг [×15],7833
Uflor,Монобукет из 3 гортензий микс в упаковке [×15],23000
Uflor,Букет из 19 синих ирисов в дизайнерской упаковке [×15],3395
Uflor,Монобукет из 25 роз сорта Аваланж 60 см в упаковке [×15],2880
Uflor,Монобукет из 19 тюльпанов микс в упаковке [×15],3671
Uflor,Букет полный чувств из 9 эквадорских розовых роз с [×15],9333
Uflor,Монобукет из 9 красных роз в дизайнерской упаковке [×15],10333
Uflor,Букет из 9 фиолетовых маттиол в глянцевой пленке [×15],12917
Uflor,Монобукет из 15 белых тюльпанов в дизайнерской упаковкек,6400
Uflor,Монобукет из 3 белых гортензий в дизайнерской бума [×15],18000
Uflor,Монобукет из 9 роз сорта Пинк Охара в дизайнерской [×15],10333
Uflor,Монобукет из 25 роз сорта Ред Наоми в матовой плен [×15],2700
Uflor,Монобукет из 9 роз сорта Кэндллайт в упаковке [×15],9667
Uflor,Букет из роз сорта Эксплорер 60 см в чёрной упаков [×15],1725
Uflor,Монобукет из 15 синих гиацинтов в стильной упаковке,5600
Uflor,Монобукет из 19 больших красных роз сорта Ред Наом [×15],3789
Uflor,Букет из 9 желтых кустовых роз сорта Ольга [×15],7667
Uflor,Стильный моно букет из 11 белых кустовых роз в диз [×15],5864
Uflor,Большой букет из 19 роз сорта Эксплорер в стильной [×15],7342
Uflor,Монобукет из 15 пионов Сара Бернар в крафтовой упаковке,12600
Uflor,Монобукет из 9 роз сорта Кахала в упаковке [×15],10267
Uflor,Монобукет из 25 роз сорта Ред Наоми с топпером [×15],3780
Uflor,Монобукет из 25 пионовидных розовых роз в дизайнер [×15],7500
Uflor,Монобукет из 9 роз Ред Наоми в упаковке [×15],12333
